t, theta (rad)
0, 0.988136
0.01, 0.987124
0.02, 0.984091
0.03, 0.979043
0.04, 0.971987
0.05, 0.962931
0.06, 0.951889
0.07, 0.938877
0.08, 0.923912
0.09, 0.907017
0.1, 0.888216
0.11, 0.867539
0.12, 0.845017
0.13, 0.820687
0.14, 0.794587
0.15, 0.766762
0.16, 0.73726
0.17, 0.706133
0.18, 0.673437
0.19, 0.639235
0.2, 0.603591
0.21, 0.566576
0.22, 0.528265
0.23, 0.488737
0.24, 0.448075
0.25, 0.406368
0.26, 0.363707
0.27, 0.320189
0.28, 0.275911
0.29, 0.230978
0.3, 0.185494
0.31, 0.139567
0.32, 0.0933072
0.33, 0.0468249
0.34, 0.000232598
0.35, -0.0463569
0.36, -0.0928308
0.37, -0.139077
0.38, -0.184984
0.39, -0.230443
0.4, -0.275346
0.41, -0.319588
0.42, -0.363066
0.43, -0.405682
0.44, -0.447339
0.45, -0.487947
0.46, -0.527417
0.47, -0.565666
0.48, -0.602615
0.49, -0.63819
0.5, -0.67232
0.51, -0.704941
0.52, -0.735991
0.53, -0.765414
0.54, -0.793157
0.55, -0.819174
0.56, -0.843421
0.57, -0.865858
0.58, -0.88645
0.59, -0.905165
0.6, -0.921975
0.61, -0.936855
0.62, -0.949784
0.63, -0.960743
0.64, -0.969717
0.65, -0.976695
0.66, -0.981666
0.67, -0.984624
0.68, -0.985566
0.69, -0.984489
0.7, -0.981397
0.71, -0.976292
0.72, -0.969183
0.73, -0.960078
0.74, -0.948991
0.75, -0.935938
0.76, -0.920937
0.77, -0.904009
0.78, -0.885181
0.79, -0.86448
0.8, -0.84194
0.81, -0.817596
0.82, -0.791488
0.83, -0.76366
0.84, -0.73416
0.85, -0.70304
0.86, -0.670359
0.87, -0.636176
0.88, -0.600557
0.89, -0.563574
0.9, -0.5253
0.91, -0.485815
0.92, -0.445204
0.93, -0.403553
0.94, -0.360955
0.95, -0.317505
0.96, -0.273302
0.97, -0.22845
0.98, -0.183053
0.99, -0.137219
1, -0.0910572
1.01, -0.0446786
1.02, 0.00180475
1.03, 0.0482804
1.04, 0.0946358
1.05, 0.140759
1.06, 0.18654
1.07, 0.231868
1.08, 0.276637
1.09, 0.320742
1.1, 0.364081
1.11, 0.406555
1.12, 0.448068
1.13, 0.488531
1.14, 0.527854
1.15, 0.565956
1.16, 0.602757
1.17, 0.638183
1.18, 0.672165
1.19, 0.704638
1.2, 0.73554
1.21, 0.764816
1.22, 0.792415
1.23, 0.818287
1.24, 0.842391
1.25, 0.864687
1.26, 0.88514
1.27, 0.903718
1.28, 0.920393
1.29, 0.93514
1.3, 0.947938
1.31, 0.95877
1.32, 0.967619
1.33, 0.974474
1.34, 0.979327
1.35, 0.982169
1.36, 0.982998
1.37, 0.981812
1.38, 0.978614
1.39, 0.973408
1.4, 0.966201
1.41, 0.957002
1.42, 0.945826
1.43, 0.932688
1.44, 0.917606
1.45, 0.900603
1.46, 0.881705
1.47, 0.860939
1.48, 0.838339
1.49, 0.813942
1.5, 0.787786
1.51, 0.759917
1.52, 0.730383
1.53, 0.699236
1.54, 0.666533
1.55, 0.632337
1.56, 0.596712
1.57, 0.55973
1.58, 0.521466
1.59, 0.481999
1.6, 0.441413
1.61, 0.399796
1.62, 0.357241
1.63, 0.313842
1.64, 0.269699
1.65, 0.224914
1.66, 0.179593
1.67, 0.133843
1.68, 0.0877736
1.69, 0.0414953
1.7, -0.00488016
1.71, -0.0512404
1.72, -0.0974734
1.73, -0.143467
1.74, -0.189112
1.75, -0.234299
1.76, -0.27892
1.77, -0.322872
1.78, -0.366053
1.79, -0.408365
1.8, -0.449712
1.81, -0.490004
1.82, -0.529155
1.83, -0.567081
1.84, -0.603704
1.85, -0.638951
1.86, -0.672751
1.87, -0.705042
1.88, -0.735761
1.89, -0.764853
1.9, -0.792268
1.91, -0.817957
1.92, -0.841879
1.93, -0.863993
1.94, -0.884264
1.95, -0.902663
1.96, -0.91916
1.97, -0.933731
1.98, -0.946355
1.99, -0.957015
2, -0.965695
2.01, -0.972384
2.02, -0.977072
2.03, -0.979754
2.04, -0.980425
2.05, -0.979086
2.06, -0.975737
2.07, -0.970385
2.08, -0.963035
2.09, -0.953699
2.1, -0.942389
2.11, -0.929123
2.12, -0.913918
2.13, -0.896797
2.14, -0.877786
2.15, -0.856915
2.16, -0.834216
2.17, -0.809725
2.18, -0.783484
2.19, -0.755536
2.2, -0.725931
2.21, -0.694721
2.22, -0.661964
2.23, -0.627722
2.24, -0.592061
2.25, -0.555052
2.26, -0.51677
2.27, -0.477295
2.28, -0.436712
2.29, -0.395108
2.3, -0.352575
2.31, -0.30921
2.32, -0.265111
2.33, -0.220381
2.34, -0.175126
2.35, -0.129453
2.36, -0.0834698
2.37, -0.0372887
2.38, 0.00897935
2.39, 0.0552223
2.4, 0.101328
2.41, 0.147186
2.42, 0.192686
2.43, 0.237719
2.44, 0.282179
2.45, 0.325961
2.46, 0.368966
2.47, 0.411095
2.48, 0.452253
2.49, 0.492351
2.5, 0.531302
2.51, 0.569024
2.52, 0.60544
2.53, 0.640475
2.54, 0.674062
2.55, 0.706135
2.56, 0.736636
2.57, 0.765508
2.58, 0.792701
2.59, 0.818168
2.6, 0.841867
2.61, 0.863759
2.62, 0.883809
2.63, 0.901986
2.64, 0.918262
2.65, 0.932615
2.66, 0.945022
2.67, 0.955466
2.68, 0.963933
2.69, 0.970411
2.7, 0.974891
2.71, 0.977368
2.72, 0.977837
2.73, 0.976299
2.74, 0.972756
2.75, 0.967213
2.76, 0.959678
2.77, 0.95016
2.78, 0.938674
2.79, 0.925236
2.8, 0.909866
2.81, 0.892585
2.82, 0.873422
2.83, 0.852404
2.84, 0.829566
2.85, 0.804944
2.86, 0.778579
2.87, 0.750516
2.88, 0.720804
2.89, 0.689498
2.9, 0.656654
2.91, 0.622335
2.92, 0.586607
2.93, 0.549543
2.94, 0.511217
2.95, 0.47171
2.96, 0.431106
2.97, 0.389493
2.98, 0.346965
2.99, 0.303617
3, 0.259549
3.01, 0.214862
3.02, 0.169663
3.03, 0.124059
3.04, 0.0781585
3.05, 0.0320724
3.06, -0.0140881
3.07, -0.060211
3.08, -0.106185
3.09, -0.151899
3.1, -0.197244
3.11, -0.242111
3.12, -0.286395
3.13, -0.329992
3.14, -0.372801
3.15, -0.414726
3.16, -0.455673
3.17, -0.495552
3.18, -0.534277
3.19, -0.571767
3.2, -0.607945
3.21, -0.642737
3.22, -0.676077
3.23, -0.707899
3.24, -0.738146
3.25, -0.766761
3.26, -0.793696
3.27, -0.818902
3.28, -0.842339
3.29, -0.863968
3.3, -0.883755
3.31, -0.90167
3.32, -0.917684
3.33, -0.931775
3.34, -0.943922
3.35, -0.954107
3.36, -0.962317
3.37, -0.968541
3.38, -0.972769
3.39, -0.974997
3.4, -0.975221
3.41, -0.973441
3.42, -0.96966
3.43, -0.963882
3.44, -0.956117
3.45, -0.946375
3.46, -0.93467
3.47, -0.921019
3.48, -0.905441
3.49, -0.887961
3.5, -0.868604
3.51, -0.8474
3.52, -0.824384
3.53, -0.799592
3.54, -0.773067
3.55, -0.744853
3.56, -0.715001
3.57, -0.683564
3.58, -0.650601
3.59, -0.616175
3.6, -0.580352
3.61, -0.543205
3.62, -0.504809
3.63, -0.465246
3.64, -0.4246
3.65, -0.38296
3.66, -0.340419
3.67, -0.297073
3.68, -0.253021
3.69, -0.208367
3.7, -0.163216
3.71, -0.117675
3.72, -0.0718524
3.73, -0.0258598
3.74, 0.020192
3.75, 0.0661916
3.76, 0.112028
3.77, 0.15759
3.78, 0.202769
3.79, 0.247458
3.8, 0.291551
3.81, 0.334945
3.82, 0.37754
3.83, 0.41924
3.84, 0.459952
3.85, 0.499586
3.86, 0.538059
3.87, 0.575288
3.88, 0.611198
3.89, 0.645716
3.9, 0.678776
3.91, 0.710313
3.92, 0.74027
3.93, 0.768592
3.94, 0.79523
3.95, 0.820138
3.96, 0.843274
3.97, 0.8646
3.98, 0.884084
3.99, 0.901694
4, 0.917405
4.01, 0.931192
4.02, 0.943036
4.03, 0.95292
4.04, 0.960831
4.05, 0.966757
4.06, 0.97069
4.07, 0.972625
4.08, 0.97256
4.09, 0.970494
4.1, 0.966432
4.11, 0.960378
4.12, 0.952341
4.13, 0.942332
4.14, 0.930366
4.15, 0.91646
4.16, 0.900634
4.17, 0.882913
4.18, 0.863322
4.19, 0.841894
4.2, 0.818662
4.21, 0.793664
4.22, 0.766942
4.23, 0.738543
4.24, 0.708516
4.25, 0.676917
4.26, 0.643804
4.27, 0.60924
4.28, 0.573294
4.29, 0.536038
4.3, 0.497549
4.31, 0.457907
4.32, 0.417199
4.33, 0.375513
4.34, 0.332942
4.35, 0.289583
4.36, 0.245537
4.37, 0.200905
4.38, 0.155794
4.39, 0.11031
4.4, 0.0645638
4.41, 0.0186644
4.42, -0.0272769
4.43, -0.0731488
4.44, -0.11884
4.45, -0.164242
4.46, -0.209245
4.47, -0.253741
4.48, -0.297627
4.49, -0.3408
4.5, -0.383161
4.51, -0.424614
4.52, -0.465067
4.53, -0.504432
4.54, -0.542625
4.55, -0.579565
4.56, -0.615176
4.57, -0.649389
4.58, -0.682135
4.59, -0.713353
4.6, -0.742985
4.61, -0.770978
4.62, -0.797282
4.63, -0.821852
4.64, -0.844648
4.65, -0.865633
4.66, -0.884772
4.67, -0.902037
4.68, -0.917402
4.69, -0.930844
4.7, -0.942344
4.71, -0.951884
4.72, -0.959452
4.73, -0.965038
4.74, -0.968633
4.75, -0.970233
4.76, -0.969836
4.77, -0.967442
4.78, -0.963056
4.79, -0.956682
4.8, -0.948331
4.81, -0.938014
4.82, -0.925746
4.83, -0.911544
4.84, -0.89543
4.85, -0.877428
4.86, -0.857566
4.87, -0.835875
4.88, -0.81239
4.89, -0.787149
4.9, -0.760196
4.91, -0.731577
4.92, -0.701343
4.93, -0.66955
4.94, -0.636257
4.95, -0.601528
4.96, -0.565433
4.97, -0.528043
4.98, -0.489436
4.99, -0.449695
5, -0.408904
5.01, -0.367154
5.02, -0.324539
5.03, -0.281155
5.04, -0.237102
5.05, -0.192485
5.06, -0.147407
5.07, -0.101978
5.08, -0.0563051
5.09, -0.0104996
5.1, 0.0353279
5.11, 0.0810667
5.12, 0.126606
5.13, 0.171837
5.14, 0.21665
5.15, 0.26094
5.16, 0.304603
5.17, 0.347537
5.18, 0.389643
5.19, 0.430827
5.2, 0.470997
5.21, 0.510066
5.22, 0.547951
5.23, 0.584572
5.24, 0.619855
5.25, 0.65373
5.26, 0.68613
5.27, 0.716994
5.28, 0.746266
5.29, 0.773892
5.3, 0.799825
5.31, 0.82402
5.32, 0.846437
5.33, 0.867039
5.34, 0.885795
5.35, 0.902675
5.36, 0.917653
5.37, 0.930708
5.38, 0.941821
5.39, 0.950975
5.4, 0.958159
5.41, 0.963361
5.42, 0.966576
5.43, 0.967799
5.44, 0.967027
5.45, 0.964264
5.46, 0.959511
5.47, 0.952777
5.48, 0.94407
5.49, 0.933403
5.5, 0.920792
5.51, 0.906255
5.52, 0.889814
5.53, 0.871493
5.54, 0.851321
5.55, 0.82933
5.56, 0.805556
5.57, 0.780037
5.58, 0.752819
5.59, 0.723947
5.6, 0.693475
5.61, 0.661457
5.62, 0.627956
5.63, 0.593034
5.64, 0.556763
5.65, 0.519216
5.66, 0.48047
5.67, 0.440609
5.68, 0.399718
5.69, 0.357889
5.7, 0.315214
5.71, 0.271793
5.72, 0.227725
5.73, 0.183114
5.74, 0.138066
5.75, 0.0926876
5.76, 0.0470887
5.77, 0.0013792
5.78, -0.0443303
5.79, -0.0899293
5.8, -0.135308
5.81, -0.180356
5.82, -0.224968
5.83, -0.269036
5.84, -0.312457
5.85, -0.355132
5.86, -0.396962
5.87, -0.437854
5.88, -0.477716
5.89, -0.516463
5.9, -0.554012
5.91, -0.590285
5.92, -0.625208
5.93, -0.658712
5.94, -0.690732
5.95, -0.721208
5.96, -0.750084
5.97, -0.777308
5.98, -0.802832
5.99, -0.826613
6, -0.848612
6.01, -0.868793
6.02, -0.887125
6.03, -0.903578
6.04, -0.918129
6.05, -0.930756
6.06, -0.941441
6.07, -0.950167
6.08, -0.956925
6.09, -0.961703
6.1, -0.964495
6.11, -0.965298
6.12, -0.964111
6.13, -0.960935
6.14, -0.955775
6.15, -0.948639
6.16, -0.939536
6.17, -0.92848
6.18, -0.915486
6.19, -0.900574
6.2, -0.883767
6.21, -0.865089
6.22, -0.84457
6.23, -0.822243
6.24, -0.798144
6.25, -0.772314
6.26, -0.744797
6.27, -0.715641
6.28, -0.6849
6.29, -0.652629
6.3, -0.618891
6.31, -0.583752
6.32, -0.547281
6.33, -0.509554
6.34, -0.470648
6.35, -0.430648
6.36, -0.389641
6.37, -0.347717
6.38, -0.304972
6.39, -0.261504
6.4, -0.217412
6.41, -0.172802
6.42, -0.127779
6.43, -0.0824513
6.44, -0.0369273
6.45, 0.00868283
6.46, 0.0542686
6.47, 0.0997198
6.48, 0.144927
6.49, 0.189781
6.5, 0.234176
6.51, 0.278005
6.52, 0.321168
6.53, 0.363563
6.54, 0.405095
6.55, 0.445669
6.56, 0.485198
6.57, 0.523595
6.58, 0.56078
6.59, 0.596674
6.6, 0.631206
6.61, 0.664307
6.62, 0.695914
6.63, 0.725967
6.64, 0.75441
6.65, 0.781194
6.66, 0.806272
6.67, 0.829602
6.68, 0.851144
6.69, 0.870864
6.7, 0.888731
6.71, 0.904719
6.72, 0.918801
6.73, 0.930959
6.74, 0.941175
6.75, 0.949433
6.76, 0.955722
6.77, 0.960034
6.78, 0.962362
6.79, 0.962705
6.8, 0.96106
6.81, 0.957432
6.82, 0.951824
6.83, 0.944245
6.84, 0.934706
6.85, 0.92322
6.86, 0.909805
6.87, 0.89448
6.88, 0.877269
6.89, 0.858197
6.9, 0.837295
6.91, 0.814597
6.92, 0.79014
6.93, 0.763965
6.94, 0.736117
6.95, 0.706647
6.96, 0.675607
6.97, 0.643056
6.98, 0.609056
6.99, 0.573673
7, 0.53698
7.01, 0.499052
7.02, 0.459968
7.03, 0.419812
7.04, 0.378673
7.05, 0.336643
7.06, 0.293816
7.07, 0.250291
7.08, 0.20617
7.09, 0.161557
7.1, 0.116558
7.11, 0.0712801
7.12, 0.0258337
7.13, -0.019672
7.14, -0.0651268
7.15, -0.110421
7.16, -0.155445
7.17, -0.200091
7.18, -0.244253
7.19, -0.287826
7.2, -0.33071
7.21, -0.372804
7.22, -0.414014
7.23, -0.454247
7.24, -0.493416
7.25, -0.531435
7.26, -0.568225
7.27, -0.60371
7.28, -0.637819
7.29, -0.670484
7.3, -0.701643
7.31, -0.731237
7.32, -0.759213
7.33, -0.78552
7.34, -0.810114
7.35, -0.832953
7.36, -0.854
7.37, -0.87322
7.38, -0.890584
7.39, -0.906064
7.4, -0.919638
7.41, -0.931287
7.42, -0.940992
7.43, -0.94874
7.44, -0.95452
7.45, -0.958325
7.46, -0.960149
7.47, -0.959989
7.48, -0.957847
7.49, -0.953725
7.5, -0.947629
7.51, -0.939568
7.52, -0.929553
7.53, -0.9176
7.54, -0.903725
7.55, -0.887949
7.56, -0.870297
7.57, -0.850796
7.58, -0.829476
7.59, -0.806373
7.6, -0.781524
7.61, -0.754972
7.62, -0.726764
7.63, -0.696949
7.64, -0.665583
7.65, -0.632725
7.66, -0.598438
7.67, -0.56279
7.68, -0.525853
7.69, -0.487705
7.7, -0.448425
7.71, -0.408098
7.72, -0.366814
7.73, -0.324665
7.74, -0.281747
7.75, -0.23816
7.76, -0.194005
7.77, -0.149386
7.78, -0.10441
7.79, -0.0591858
7.8, -0.0138214
7.81, 0.0315732
7.82, 0.076888
7.83, 0.122014
7.84, 0.166842
7.85, 0.211264
7.86, 0.255176
7.87, 0.298475
7.88, 0.341058
7.89, 0.382829
7.9, 0.423692
7.91, 0.463558
7.92, 0.502339
7.93, 0.539951
7.94, 0.576317
7.95, 0.611361
7.96, 0.645014
7.97, 0.677209
7.98, 0.707885
7.99, 0.736985
8, 0.764457
8.01, 0.790251
8.02, 0.814323
8.03, 0.836634
8.04, 0.857146
8.05, 0.875826
8.06, 0.892646
8.07, 0.90758
8.08, 0.920606
8.09, 0.931704
8.1, 0.940858
8.11, 0.948056
8.12, 0.953287
8.13, 0.956544
8.14, 0.957822
8.15, 0.957121
8.16, 0.954441
8.17, 0.949785
8.18, 0.943162
8.19, 0.93458
8.2, 0.924051
8.21, 0.911591
8.22, 0.897219
8.23, 0.880957
8.24, 0.862828
8.25, 0.842862
8.26, 0.82109
8.27, 0.797549
8.28, 0.772277
8.29, 0.745318
8.3, 0.716719
8.31, 0.686533
8.32, 0.654814
8.33, 0.621624
8.34, 0.587027
8.35, 0.551092
8.36, 0.513893
8.37, 0.475506
8.38, 0.436014
8.39, 0.395503
8.4, 0.354063
8.41, 0.311786
8.42, 0.268771
8.43, 0.225115
8.44, 0.180923
8.45, 0.136298
8.46, 0.0913483
8.47, 0.0461807
8.48, 0.000904608
8.49, -0.0443704
8.5, -0.0895347
8.51, -0.134479
8.52, -0.179096
8.53, -0.223279
8.54, -0.266923
8.55, -0.309925
8.56, -0.352186
8.57, -0.393609
8.58, -0.434101
8.59, -0.473572
8.6, -0.511936
8.61, -0.549112
8.62, -0.585023
8.63, -0.619594
8.64, -0.652757
8.65, -0.684448
8.66, -0.714606
8.67, -0.743176
8.68, -0.770107
8.69, -0.79535
8.7, -0.818863
8.71, -0.840606
8.72, -0.860545
8.73, -0.878647
8.74, -0.894884
8.75, -0.909231
8.76, -0.921668
8.77, -0.932175
8.78, -0.940738
8.79, -0.947345
8.8, -0.951986
8.81, -0.954655
8.82, -0.955349
8.83, -0.954066
8.84, -0.950808
8.85, -0.945581
8.86, -0.938391
8.87, -0.929249
8.88, -0.918169
8.89, -0.905166
8.9, -0.890261
8.91, -0.873475
8.92, -0.854835
8.93, -0.834371
8.94, -0.812114
8.95, -0.788103
8.96, -0.762377
8.97, -0.734982
8.98, -0.705965
8.99, -0.675381
9, -0.643285
9.01, -0.60974
9.02, -0.574812
9.03, -0.53857
9.04, -0.501089
9.05, -0.462449
9.06, -0.422732
9.07, -0.382025
9.08, -0.340418
9.09, -0.298007
9.1, -0.254888
9.11, -0.211162
9.12, -0.166932
9.13, -0.122303
9.14, -0.0773825
9.15, -0.0322778
9.16, 0.0129017
9.17, 0.0580468
9.18, 0.103048
9.19, 0.147797
9.2, 0.192187
9.21, 0.236111
9.22, 0.279466
9.23, 0.32215
9.24, 0.364065
9.25, 0.405115
9.26, 0.445208
9.27, 0.484256
9.28, 0.522175
9.29, 0.558884
9.3, 0.594307
9.31, 0.628372
9.32, 0.661012
9.33, 0.692164
9.34, 0.721768
9.35, 0.749772
9.36, 0.776124
9.37, 0.800779
9.38, 0.823694
9.39, 0.844832
9.4, 0.864158
9.41, 0.881642
9.42, 0.897256
9.43, 0.910978
9.44, 0.922786
9.45, 0.932663
9.46, 0.940595
9.47, 0.946571
9.48, 0.950583
9.49, 0.952624
9.5, 0.952693
9.51, 0.950789
9.52, 0.946915
9.53, 0.941077
9.54, 0.933283
9.55, 0.923544
9.56, 0.911876
9.57, 0.898294
9.58, 0.88282
9.59, 0.865476
9.6, 0.846292
9.61, 0.825296
9.62, 0.802523
9.63, 0.778012
9.64, 0.751803
9.65, 0.723943
9.66, 0.694482
9.67, 0.663475
9.68, 0.630979
9.69, 0.597058
9.7, 0.561778
9.71, 0.525212
9.72, 0.487435
9.73, 0.448527
9.74, 0.408573
9.75, 0.36766
9.76, 0.32588
9.77, 0.283329
9.78, 0.240104
9.79, 0.196306
9.8, 0.15204
9.81, 0.107411
9.82, 0.0625248
9.83, 0.0174912
9.84, -0.0275816
9.85, -0.0725843
9.86, -0.117408
9.87, -0.161945
9.88, -0.206089
9.89, -0.249735
9.9, -0.292779
9.91, -0.335121
9.92, -0.376665
9.93, -0.417315
9.94, -0.456982
9.95, -0.495578
9.96, -0.53302
9.97, -0.56923
9.98, -0.604132
9.99, -0.637658
10, -0.66974
10.01, -0.700317
10.02, -0.729332
10.03, -0.756732
10.04, -0.782469
10.05, -0.806497
10.06, -0.828776
10.07, -0.84927
10.08, -0.867945
10.09, -0.884771
10.1, -0.899724
10.11, -0.912779
10.12, -0.923919
10.13, -0.933126
10.14, -0.940388
10.15, -0.945694
10.16, -0.949036
10.17, -0.950411
10.18, -0.949816
10.19, -0.947253
10.2, -0.942725
10.21, -0.936238
10.22, -0.927803
10.23, -0.917431
10.24, -0.905137
10.25, -0.890941
10.26, -0.874864
10.27, -0.85693
10.28, -0.837168
10.29, -0.815609
10.3, -0.79229
10.31, -0.767249
10.32, -0.74053
10.33, -0.71218
10.34, -0.68225
10.35, -0.650797
10.36, -0.617879
10.37, -0.583562
10.38, -0.547914
10.39, -0.511007
10.4, -0.47292
10.41, -0.433733
10.42, -0.393532
10.43, -0.352406
10.44, -0.310447
10.45, -0.267753
10.46, -0.224421
10.47, -0.180553
10.48, -0.136255
10.49, -0.0916306
10.5, -0.0467882
10.51, -0.00183586
10.52, 0.0431176
10.53, 0.0879636
10.54, 0.132594
10.55, 0.176901
10.56, 0.220778
10.57, 0.264123
10.58, 0.306833
10.59, 0.348809
10.6, 0.389954
10.61, 0.430177
10.62, 0.469387
10.63, 0.5075
10.64, 0.544434
10.65, 0.580112
10.66, 0.61446
10.67, 0.647411
10.68, 0.6789
10.69, 0.708866
10.7, 0.737255
10.71, 0.764015
10.72, 0.789098
10.73, 0.812462
10.74, 0.834067
10.75, 0.853877
10.76, 0.871862
10.77, 0.887992
10.78, 0.902243
10.79, 0.914593
10.8, 0.925025
10.81, 0.933523
10.82, 0.940075
10.83, 0.944672
10.84, 0.947306
10.85, 0.947976
10.86, 0.946679
10.87, 0.943419
10.88, 0.938198
10.89, 0.931027
10.9, 0.921913
10.91, 0.910872
10.92, 0.897919
10.93, 0.883075
10.94, 0.866361
10.95, 0.847804
10.96, 0.827433
10.97, 0.805282
10.98, 0.781388
10.99, 0.75579
11, 0.728534
11.01, 0.699669
11.02, 0.669248
11.03, 0.637327
11.04, 0.603968
11.05, 0.569237
11.06, 0.533205
11.07, 0.495944
11.08, 0.457535
11.09, 0.41806
11.1, 0.377604
11.11, 0.33626
11.12, 0.29412
11.13, 0.251281
11.14, 0.207844
11.15, 0.163911
11.16, 0.119586
11.17, 0.0749753
11.18, 0.0301867
11.19, -0.0146716
11.2, -0.0594913
11.21, -0.104164
11.22, -0.148581
11.23, -0.192638
11.24, -0.236227
11.25, -0.279247
11.26, -0.321597
11.27, -0.363179
11.28, -0.403899
11.29, -0.443664
11.3, -0.482387
11.31, -0.519985
11.32, -0.556378
11.33, -0.59149
11.34, -0.62525
11.35, -0.657591
11.36, -0.68845
11.37, -0.717769
11.38, -0.745495
11.39, -0.771576
11.4, -0.795968
11.41, -0.818629
11.42, -0.83952
11.43, -0.858609
11.44, -0.875863
11.45, -0.891258
11.46, -0.904769
11.47, -0.916375
11.48, -0.92606
11.49, -0.93381
11.5, -0.939613
11.51, -0.943461
11.52, -0.94535
11.53, -0.945276
11.54, -0.94324
11.55, -0.939245
11.56, -0.933296
11.57, -0.925403
11.58, -0.915576
11.59, -0.903831
11.6, -0.890185
11.61, -0.874659
11.62, -0.857277
11.63, -0.838065
11.64, -0.817056
11.65, -0.794284
11.66, -0.769787
11.67, -0.743607
11.68, -0.71579
11.69, -0.686387
11.7, -0.655453
11.71, -0.623046
11.72, -0.589228
11.73, -0.554068
11.74, -0.517638
11.75, -0.480012
11.76, -0.441272
11.77, -0.4015
11.78, -0.360786
11.79, -0.319221
11.8, -0.276899
11.81, -0.233918
11.82, -0.19038
11.83, -0.146387
11.84, -0.102044
11.85, -0.057458
11.86, -0.0127361
11.87, 0.0320133
11.88, 0.0766821
11.89, 0.121162
11.9, 0.165347
11.91, 0.20913
11.92, 0.252407
11.93, 0.295077
11.94, 0.33704
11.95, 0.378199
11.96, 0.418462
11.97, 0.457739
11.98, 0.495943
11.99, 0.532993
12, 0.568811
12.01, 0.603322
12.02, 0.636458
12.03, 0.668152
12.04, 0.698345
12.05, 0.72698
12.06, 0.754004
12.07, 0.779369
12.08, 0.803031
12.09, 0.82495
12.1, 0.84509
12.11, 0.863417
12.12, 0.879903
12.13, 0.894523
12.14, 0.907254
12.15, 0.918077
12.16, 0.926977
12.17, 0.933939
12.18, 0.938955
12.19, 0.942018
12.2, 0.943122
12.21, 0.942268
12.22, 0.939455
12.23, 0.934689
12.24, 0.927976
12.25, 0.919326
12.26, 0.908752
12.27, 0.896269
12.28, 0.881897
12.29, 0.865657
12.3, 0.847576
12.31, 0.827681
12.32, 0.806005
12.33, 0.782584
12.34, 0.757459
12.35, 0.730672
12.36, 0.702272
12.37, 0.672311
12.38, 0.640844
12.39, 0.607933
12.4, 0.573642
12.41, 0.538039
12.42, 0.5012
12.43, 0.4632
12.44, 0.424121
12.45, 0.384049
12.46, 0.343074
12.47, 0.301287
12.48, 0.258786
12.49, 0.215668
12.5, 0.172035
12.51, 0.127991
12.52, 0.0836419
12.53, 0.0390934
12.54, -0.00554634
12.55, -0.0501695
12.56, -0.094668
12.57, -0.138935
12.58, -0.182863
12.59, -0.226348
12.6, -0.269286
12.61, -0.311578
12.62, -0.353125
12.63, -0.393832
12.64, -0.433607
12.65, -0.472363
12.66, -0.510014
12.67, -0.546482
12.68, -0.581689
12.69, -0.615563
12.7, -0.648038
12.71, -0.67905
12.72, -0.708539
12.73, -0.736451
12.74, -0.762735
12.75, -0.787345
12.76, -0.810239
12.77, -0.831377
12.78, -0.850726
12.79, -0.868253
12.8, -0.883932
12.81, -0.897738
12.82, -0.909651
12.83, -0.919652
12.84, -0.927727
12.85, -0.933864
12.86, -0.938055
12.87, -0.940294
12.88, -0.940577
12.89, -0.938905
12.9, -0.93528
12.91, -0.929707
12.92, -0.922194
12.93, -0.912753
12.94, -0.901398
12.95, -0.888145
12.96, -0.873015
12.97, -0.856032
12.98, -0.837222
12.99, -0.816615
13, -0.794245
13.01, -0.770151
13.02, -0.744373
13.03, -0.716957
13.04, -0.687953
13.05, -0.657414
13.06, -0.625399
13.07, -0.591969
13.08, -0.557191
13.09, -0.521135
13.1, -0.483878
13.11, -0.445497
13.12, -0.406076
13.13, -0.365702
13.14, -0.324465
13.15, -0.28246
13.16, -0.239784
13.17, -0.196535
13.18, -0.152818
13.19, -0.108735
13.2, -0.0643928
13.21, -0.0198981
13.22, 0.0246416
13.23, 0.0691184
13.24, 0.113425
13.25, 0.157454
13.26, 0.201101
13.27, 0.244261
13.28, 0.286833
13.29, 0.328717
13.3, 0.369816
13.31, 0.410038
13.32, 0.449293
13.33, 0.487493
13.34, 0.524557
13.35, 0.560406
13.36, 0.594966
13.37, 0.628168
13.38, 0.659944
13.39, 0.690234
13.4, 0.718981
13.41, 0.746132
13.42, 0.771638
13.43, 0.795455
13.44, 0.817541
13.45, 0.837859
13.46, 0.856378
13.47, 0.873066
13.48, 0.887899
13.49, 0.900852
13.5, 0.911907
13.51, 0.921048
13.52, 0.928261
13.53, 0.933535
13.54, 0.936863
13.55, 0.938241
13.56, 0.937667
13.57, 0.935141
13.58, 0.930668
13.59, 0.924253
13.6, 0.915907
13.61, 0.905642
13.62, 0.893473
13.63, 0.879419
13.64, 0.863501
13.65, 0.845744
13.66, 0.826177
13.67, 0.804832
13.68, 0.781744
13.69, 0.756952
13.7, 0.7305
13.71, 0.702435
13.72, 0.672808
13.73, 0.641675
13.74, 0.609096
13.75, 0.575134
13.76, 0.539859
13.77, 0.503342
13.78, 0.46566
13.79, 0.426894
13.8, 0.387129
13.81, 0.346453
13.82, 0.304959
13.83, 0.262741
13.84, 0.219897
13.85, 0.176529
13.86, 0.132739
13.87, 0.0886313
13.88, 0.044313
13.89, -0.000109354
13.9, -0.0445282
13.91, -0.0888361
13.92, -0.132926
13.93, -0.176692
13.94, -0.22003
13.95, -0.262836
13.96, -0.30501
13.97, -0.346455
13.98, -0.387074
13.99, -0.426778
14, -0.465476
14.01, -0.503086
14.02, -0.539526
14.03, -0.57472
14.04, -0.608596
14.05, -0.641085
14.06, -0.672125
14.07, -0.701656
14.08, -0.729622
14.09, -0.755973
14.1, -0.780661
14.11, -0.803644
14.12, -0.824883
14.13, -0.844343
14.14, -0.861992
14.15, -0.877803
14.16, -0.89175
14.17, -0.903812
14.18, -0.913972
14.19, -0.922214
14.2, -0.928526
14.21, -0.9329
14.22, -0.935329
14.23, -0.935809
14.24, -0.934341
14.25, -0.930927
14.26, -0.92557
14.27, -0.918281
14.28, -0.909068
14.29, -0.897947
14.3, -0.884933
14.31, -0.870047
14.32, -0.853312
14.33, -0.834755
14.34, -0.814405
14.35, -0.792296
14.36, -0.768466
14.37, -0.742955
14.38, -0.715808
14.39, -0.687076
14.4, -0.65681
14.41, -0.625068
14.42, -0.591913
14.43, -0.55741
14.44, -0.521629
14.45, -0.484644
14.46, -0.446535
14.47, -0.407383
14.48, -0.367276
14.49, -0.326302
14.5, -0.284556
14.51, -0.242133
14.52, -0.199133
14.53, -0.155657
14.54, -0.11181
14.55, -0.0676953
14.56, -0.0234203
14.57, 0.0209081
14.58, 0.0651827
14.59, 0.109296
14.6, 0.153143
14.61, 0.196617
14.62, 0.239616
14.63, 0.282037
14.64, 0.323781
14.65, 0.364752
14.66, 0.404857
14.67, 0.444006
14.68, 0.482113
14.69, 0.519094
14.7, 0.554873
14.71, 0.589373
14.72, 0.622526
14.73, 0.654265
14.74, 0.684529
14.75, 0.713261
14.76, 0.740407
14.77, 0.765918
14.78, 0.789749
14.79, 0.81186
14.8, 0.832212
14.81, 0.850774
14.82, 0.867515
14.83, 0.882408
14.84, 0.895431
14.85, 0.906564
14.86, 0.91579
14.87, 0.923095
14.88, 0.92847
14.89, 0.931906
14.9, 0.933399
14.91, 0.932947
14.92, 0.93055
14.93, 0.926212
14.94, 0.919939
14.95, 0.911741
14.96, 0.901631
14.97, 0.889622
14.98, 0.875734
14.99, 0.859988
15, 0.842408
15.01, 0.823024
15.02, 0.801867
15.03, 0.778971
15.04, 0.754377
15.05, 0.728127
15.06, 0.700268
15.07, 0.670852
15.08, 0.639933
15.09, 0.607571
15.1, 0.57383
15.11, 0.538777
15.12, 0.502486
15.13, 0.465031
15.14, 0.426494
15.15, 0.386958
15.16, 0.346512
15.17, 0.305247
15.18, 0.263258
15.19, 0.220642
15.2, 0.177499
15.21, 0.133932
15.22, 0.0900457
15.23, 0.0459446
15.24, 0.00173545
15.25, -0.0424747
15.26, -0.0865788
15.27, -0.13047
15.28, -0.174044
15.29, -0.217196
15.3, -0.259822
15.31, -0.301824
15.32, -0.343104
15.33, -0.383566
15.34, -0.42312
15.35, -0.461678
15.36, -0.499154
15.37, -0.535469
15.38, -0.570547
15.39, -0.604315
15.4, -0.636705
15.41, -0.667654
15.42, -0.697103
15.43, -0.724995
15.44, -0.75128
15.45, -0.775911
15.46, -0.798846
15.47, -0.820044
15.48, -0.839471
15.49, -0.857095
15.5, -0.872888
15.51, -0.886825
15.52, -0.898885
15.53, -0.90905
15.54, -0.917305
15.55, -0.923637
15.56, -0.928037
15.57, -0.9305
15.58, -0.931021
15.59, -0.929601
15.6, -0.926241
15.61, -0.920946
15.62, -0.913724
15.63, -0.904587
15.64, -0.893547
15.65, -0.880621
15.66, -0.86583
15.67, -0.849197
15.68, -0.830747
15.69, -0.810512
15.7, -0.788524
15.71, -0.76482
15.72, -0.739443
15.73, -0.712437
15.74, -0.68385
15.75, -0.653736
15.76, -0.622153
15.77, -0.589161
15.78, -0.554827
15.79, -0.51922
15.8, -0.482416
15.81, -0.444491
15.82, -0.405528
15.83, -0.365613
15.84, -0.324836
15.85, -0.28329
15.86, -0.24107
15.87, -0.198275
15.88, -0.155007
15.89, -0.111368
15.9, -0.0674638
15.91, -0.0233994
15.92, 0.0207185
15.93, 0.064783
15.94, 0.108688
15.95, 0.152327
15.96, 0.195595
15.97, 0.23839
15.98, 0.280611
15.99, 0.322158
16, 0.362936
16.01, 0.402852
16.02, 0.441817
16.03, 0.479743
16.04, 0.51655
16.05, 0.552159
16.06, 0.586496
16.07, 0.619491
16.08, 0.651078
16.09, 0.681196
16.1, 0.709788
16.11, 0.7368
16.12, 0.762185
16.13, 0.785896
16.14, 0.807893
16.15, 0.828139
16.16, 0.8466
16.17, 0.863247
16.18, 0.878053
16.19, 0.890996
16.2, 0.902055
16.21, 0.911214
16.22, 0.91846
16.23, 0.923782
16.24, 0.927172
16.25, 0.928625
16.26, 0.92814
16.27, 0.925717
16.28, 0.921361
16.29, 0.915076
16.3, 0.906874
16.31, 0.896766
16.32, 0.884768
16.33, 0.870897
16.34, 0.855176
16.35, 0.83763
16.36, 0.818286
16.37, 0.797177
16.38, 0.774338
16.39, 0.749807
16.4, 0.72363
16.41, 0.695851
16.42, 0.666524
16.43, 0.635701
16.44, 0.603445
16.45, 0.569817
16.46, 0.534886
16.47, 0.498723
16.48, 0.461406
16.49, 0.423014
16.5, 0.383631
16.51, 0.343346
16.52, 0.302248
16.53, 0.260433
16.54, 0.217998
16.55, 0.175043
16.56, 0.13167
16.57, 0.0879814
16.58, 0.0440838
16.59, 8.27028e-005
16.6, -0.0439154
16.61, -0.0878041
16.62, -0.131477
16.63, -0.17483
16.64, -0.217759
16.65, -0.260162
16.66, -0.301939
16.67, -0.342994
16.68, -0.383231
16.69, -0.422561
16.7, -0.460896
16.71, -0.498151
16.72, -0.534248
16.73, -0.569109
16.74, -0.602664
16.75, -0.634844
16.76, -0.665586
16.77, -0.694832
16.78, -0.722526
16.79, -0.748618
16.8, -0.77306
16.81, -0.79581
16.82, -0.81683
16.83, -0.836083
16.84, -0.853539
16.85, -0.869169
16.86, -0.88295
16.87, -0.89486
16.88, -0.90488
16.89, -0.912996
16.9, -0.919196
16.91, -0.923471
16.92, -0.925815
16.93, -0.926224
16.94, -0.924699
16.95, -0.921241
16.96, -0.915855
16.97, -0.908551
16.98, -0.899337
16.99, -0.88823
17, -0.875245
17.01, -0.860403
17.02, -0.843727
17.03, -0.825243
17.04, -0.804983
17.05, -0.782979
17.06, -0.75927
17.07, -0.733897
17.08, -0.706904
17.09, -0.678341
17.1, -0.648261
17.11, -0.616722
17.12, -0.583786
17.13, -0.549518
17.14, -0.513989
17.15, -0.477272
17.16, -0.439446
17.17, -0.400594
17.18, -0.3608
17.19, -0.320155
17.2, -0.278751
17.21, -0.236685
17.22, -0.194054
17.23, -0.150959
17.24, -0.107504
17.25, -0.0637918
17.26, -0.0199288
17.27, 0.0239792
17.28, 0.0678261
17.29, 0.111506
17.3, 0.154913
17.31, 0.197944
17.32, 0.240495
17.33, 0.282467
17.34, 0.323762
17.35, 0.364284
17.36, 0.40394
17.37, 0.442643
17.38, 0.480306
17.39, 0.516848
17.4, 0.552191
17.41, 0.586262
17.42, 0.618992
17.43, 0.650316
17.44, 0.680171
17.45, 0.708502
17.46, 0.735257
17.47, 0.760386
17.48, 0.783845
17.49, 0.805593
17.5, 0.825594
17.51, 0.843815
17.52, 0.860225
17.53, 0.8748
17.54, 0.887517
17.55, 0.898355
17.56, 0.907299
17.57, 0.914335
17.58, 0.919453
17.59, 0.922646
17.6, 0.923909
17.61, 0.92324
17.62, 0.920641
17.63, 0.916115
17.64, 0.90967
17.65, 0.901314
17.66, 0.891061
17.67, 0.878927
17.68, 0.864929
17.69, 0.84909
17.7, 0.831435
17.71, 0.811993
17.72, 0.790796
17.73, 0.76788
17.74, 0.743284
17.75, 0.717052
17.76, 0.689232
17.77, 0.659874
17.78, 0.629035
17.79, 0.596774
17.8, 0.563155
17.81, 0.528247
17.82, 0.492122
17.83, 0.454855
17.84, 0.416528
17.85, 0.377225
17.86, 0.337033
17.87, 0.296043
17.88, 0.254351
17.89, 0.212053
17.9, 0.169248
17.91, 0.126039
17.92, 0.0825289
17.93, 0.0388224
17.94, -0.00497488
17.95, -0.0487569
17.96, -0.0924179
17.97, -0.135852
17.98, -0.178956
17.99, -0.221625
18, -0.26376
18.01, -0.305261
18.02, -0.346031
18.03, -0.385977
18.04, -0.42501
18.05, -0.463042
18.06, -0.49999
18.07, -0.535775
18.08, -0.570322
18.09, -0.60356
18.1, -0.635421
18.11, -0.665844
18.12, -0.69477
18.13, -0.722144
18.14, -0.747916
18.15, -0.77204
18.16, -0.794474
18.17, -0.815179
18.18, -0.834121
18.19, -0.851269
18.2, -0.866595
18.21, -0.880076
18.22, -0.891689
18.23, -0.901419
18.24, -0.909249
18.25, -0.915169
18.26, -0.919169
18.27, -0.921245
18.28, -0.921393
18.29, -0.919614
18.3, -0.915909
18.31, -0.910284
18.32, -0.902749
18.33, -0.893314
18.34, -0.881993
18.35, -0.868805
18.36, -0.85377
18.37, -0.836911
18.38, -0.818256
18.39, -0.797835
18.4, -0.775684
18.41, -0.751839
18.42, -0.726343
18.43, -0.699241
18.44, -0.670583
18.45, -0.640424
18.46, -0.60882
18.47, -0.575835
18.48, -0.541534
18.49, -0.505988
18.5, -0.469272
18.51, -0.431463
18.52, -0.392646
18.53, -0.352905
18.54, -0.312331
18.55, -0.271016
18.56, -0.229056
18.57, -0.18655
18.58, -0.143598
18.59, -0.100303
18.6, -0.0567682
18.61, -0.0130996
18.62, 0.0305975
18.63, 0.0742174
18.64, 0.117655
18.65, 0.160805
18.66, 0.203564
18.67, 0.245831
18.68, 0.287507
18.69, 0.328492
18.7, 0.368695
18.71, 0.408022
18.72, 0.446386
18.73, 0.483702
18.74, 0.51989
18.75, 0.554873
18.76, 0.588579
18.77, 0.620938
18.78, 0.651887
18.79, 0.681366
18.8, 0.709317
18.81, 0.735691
18.82, 0.760438
18.83, 0.783515
18.84, 0.804882
18.85, 0.824503
18.86, 0.842346
18.87, 0.858381
18.88, 0.872583
18.89, 0.88493
18.9, 0.895403
18.91, 0.903986
18.92, 0.910666
18.93, 0.915434
18.94, 0.918282
18.95, 0.919207
18.96, 0.918207
18.97, 0.915284
18.98, 0.910443
18.99, 0.90369
19, 0.895036
19.01, 0.884494
19.02, 0.87208
19.03, 0.857814
19.04, 0.841718
19.05, 0.823818
19.06, 0.804143
19.07, 0.782727
19.08, 0.759605
19.09, 0.734818
19.1, 0.70841
19.11, 0.680429
19.12, 0.650928
19.13, 0.619962
19.14, 0.587592
19.15, 0.553883
19.16, 0.518904
19.17, 0.482727
19.18, 0.445429
19.19, 0.40709
19.2, 0.367797
19.21, 0.327636
19.22, 0.286699
19.23, 0.245081
19.24, 0.202879
19.25, 0.160192
19.26, 0.117123
19.27, 0.0737732
19.28, 0.0302486
19.29, -0.0133461
19.3, -0.0569053
19.31, -0.100324
19.32, -0.143497
19.33, -0.18632
19.34, -0.228693
19.35, -0.270513
19.36, -0.311684
19.37, -0.35211
19.38, -0.391698
19.39, -0.430359
19.4, -0.468008
19.41, -0.504563
19.42, -0.539944
19.43, -0.57408
19.44, -0.606898
19.45, -0.638333
19.46, -0.668324
19.47, -0.696814
19.48, -0.723747
19.49, -0.749076
19.5, -0.772755
19.51, -0.794743
19.52, -0.815001
19.53, -0.833497
19.54, -0.8502
19.55, -0.865082
19.56, -0.878121
19.57, -0.889296
19.58, -0.898591
19.59, -0.905991
19.6, -0.911486
19.61, -0.915066
19.62, -0.916728
19.63, -0.916469
19.64, -0.91429
19.65, -0.910193
19.66, -0.904185
19.67, -0.896275
19.68, -0.886475
19.69, -0.8748
19.7, -0.861269
19.71, -0.845902
19.72, -0.828725
19.73, -0.809765
19.74, -0.789053
19.75, -0.766625
19.76, -0.74252
19.77, -0.71678
19.78, -0.689452
19.79, -0.660586
19.8, -0.630237
19.81, -0.598465
19.82, -0.56533
19.83, -0.530902
19.84, -0.495251
19.85, -0.458453
19.86, -0.420585
19.87, -0.381733
19.88, -0.341982
19.89, -0.301422
19.9, -0.260147
19.91, -0.218252
19.92, -0.175836
19.93, -0.133
19.94, -0.0898459
19.95, -0.046478
19.96, -0.00300075
19.97, 0.0404806
19.98, 0.0838608
19.99, 0.127035
20, 0.1699
